,vendor_id,vendor_rating2,favorite_by,rated_by,favorite_percentage,rated_percentage,average_price,average_item_sold,latitude,longitude,vendor_category_id,delivery_charge,prepration_time,discount_percentage,status,verified,rank,vendor_rating,one_click_vendor,city_id,tag_1,tag_2,tag_3,tag_4,tag_5,tag_6,tag_7,tag_8,tag_9,tag_10,tag_11,tag_12,tag_13,tag_14,tag_15,tag_16,tag_17,tag_18,tag_19,tag_20,tag_21,tag_22,tag_23,tag_24,tag_25,tag_26,tag_27,tag_28,tag_29,tag_30,tag_31,tag_32,tag_33,tag_34,tag_35,tag_36,tag_37,tag_38,tag_39,tag_40,tag_41,tag_42,tag_43,tag_44,tag_45,tag_46,tag_47,tag_48,tag_49,tag_50,tag_51,tag_52,tag_53,tag_54,tag_55,tag_56,tag_57,tag_58,tag_59,tag_60,tag_61,tag_62,tag_63,tag_64,tag_65,tag_66,tag_67,tag_68,tag_69,tag_70,tag_71,tag_72,tag_73,tag_74,tag_75,tag_76,tag_77,tag_78,tag_79,tag_80,tag_81,tag_82,tag_83,tag_84,tag_85,tag_86,tag_87,tag_88,tag_89,tag_90,tag_91
0,4,3.9266666666666667,14.958666666666668,17,0.3783783783783784,0.11333333333333333,3.9266666666666667,2.5977411341955543,-0.588596153846155,0.7544340909088447,2.0,0.0,15,0.0,1.0,1,11,4.4,Y,1.0,0,1,0,1,1,0,0,1,0,0,0,1,0,0,0,1,0,0,0,0,0,1,1,1,0,0,0,0,0,0,0,0,0,0,0,0,0,0,0,0,0,0,0,0,0,0,0,0,0,0,0,0,0,0,0,0,0,0,0,0,0,0,0,0,0,0,0,0,0,0,0,0,0,0,0,0,0,0,0,0,0,0,0,0,0,0,0,0,0,0,1
1,13,3.7818181818181817,18.61818181818182,4,0.34545454545454546,0.07272727272727272,3.7818181818181817,2.1385988872454518,-0.4716538461538806,0.7444704545454467,2.0,0.7,14,0.0,1.0,1,11,4.7,Y,1.0,0,0,0,1,0,0,0,0,0,0,0,0,0,0,1,1,0,0,0,0,0,0,0,1,0,0,1,1,0,0,0,0,0,1,0,0,0,0,0,0,1,0,0,0,0,0,0,0,0,0,1,0,0,0,0,0,0,0,0,0,0,0,0,0,0,0,0,0,0,0,0,0,0,0,0,0,0,0,0,0,0,0,0,0,0,0,0,0,0,0,0
2,20,3.9910714285714284,21.300892857142863,17,0.3181818181818182,0.15178571428571427,3.9910714285714284,2.603946914856397,-0.4075269230769129,0.6436806818179458,2.0,0.0,19,0.0,1.0,1,1,4.5,Y,1.0,0,0,0,1,0,0,0,1,0,1,0,0,0,0,0,0,0,0,0,0,0,0,0,0,0,0,0,0,0,0,0,0,0,0,0,0,0,0,0,0,0,0,0,0,0,0,0,0,0,0,0,0,0,0,0,0,0,0,0,0,0,0,0,0,0,0,0,0,0,0,0,0,0,0,0,0,0,0,0,0,0,0,0,0,0,0,0,0,0,0,1
3,23,4.27536231884058,20.766666666666673,8,0.36231884057971014,0.11594202898550725,4.27536231884058,2.2988831709927515,-0.5853846153845947,0.7538113636363009,2.0,0.0,16,0.0,1.0,1,11,4.5,Y,1.0,0,0,0,0,1,0,0,1,0,0,0,0,0,0,0,0,0,0,0,0,0,0,0,1,0,0,0,0,0,1,0,0,0,0,0,0,0,0,0,0,0,0,0,0,0,0,0,0,0,0,0,0,0,0,0,0,0,0,0,0,0,0,0,0,0,0,0,0,0,0,0,0,0,0,0,0,0,0,0,0,0,0,0,0,0,0,0,0,0,0,0
4,28,3.700854700854701,13.302564102564103,21,0.14782608695652175,0.1794871794871795,3.700854700854701,3.05499494186111,0.4806019230769256,0.5528504545454149,2.0,0.7,10,0.0,1.0,1,11,4.4,Y,1.0,0,0,0,0,1,0,0,0,0,0,0,0,0,0,0,0,0,0,0,0,0,0,0,0,0,0,0,0,0,0,0,0,0,0,0,0,0,0,0,0,0,0,0,0,0,0,0,0,0,0,0,0,0,0,0,0,0,0,0,0,0,0,0,0,0,0,0,0,0,0,0,0,0,0,0,0,0,0,0,0,0,0,0,0,0,0,0,0,0,0,0
5,33,3.911111111111111,21.55703703703704,24,0.2781954887218045,0.17777777777777778,3.911111111111111,3.1958104310944435,-0.4946538461538846,0.7433181818182409,2.0,0.7,17,0.0,1.0,1,11,4.6,Y,1.0,0,0,0,0,0,0,0,1,0,0,0,0,0,0,0,0,0,0,0,0,0,0,0,0,0,0,0,0,0,0,0,0,0,0,0,0,0,0,0,0,0,1,0,0,0,0,0,0,0,0,0,0,0,0,0,0,0,0,0,0,0,0,0,0,0,0,0,0,0,0,0,0,0,0,0,0,0,0,0,0,0,0,0,0,0,0,0,0,0,0,0
6,43,3.5625,12.598750000000003,6,0.3670886075949367,0.075,3.5625,3.3976433674906246,-0.11500961538461092,0.5459734090908435,2.0,0.7,15,0.0,1.0,1,11,4.3,Y,1.0,1,0,0,0,1,0,0,0,0,0,0,0,0,0,0,1,0,0,0,0,0,0,0,0,0,0,0,0,0,1,0,0,0,0,0,0,0,0,0,0,0,0,0,0,0,0,0,0,0,0,0,0,0,0,0,0,0,0,0,0,0,0,0,0,0,0,0,0,0,0,0,0,0,0,0,0,0,0,0,0,0,0,0,0,0,0,0,0,0,0,0
7,44,3.642105263157895,11.035789473684211,17,0.13829787234042554,0.17894736842105263,3.642105263157895,2.7179752238543857,-0.9365557692307772,0.08193295454534594,2.0,0.7,14,0.0,1.0,1,11,4.3,Y,1.0,1,0,0,0,1,0,0,0,0,0,0,0,0,0,0,1,0,0,0,0,0,0,0,0,0,0,0,0,0,1,0,0,0,0,0,0,0,0,0,0,0,0,0,0,0,0,0,0,0,0,0,0,0,0,0,0,0,0,0,0,0,0,0,0,0,0,0,0,0,0,0,0,0,0,0,0,0,0,0,0,0,0,0,0,0,0,0,0,0,0,0
8,55,2.9344262295081966,13.45737704918032,6,0.23333333333333334,0.09836065573770492,2.9344262295081966,2.9378302666584695,-1.1701538461538554,0.10347727272711042,2.0,0.7,19,0.0,1.0,1,11,4.5,Y,1.0,0,0,0,1,0,0,0,1,0,0,0,0,0,0,0,1,0,0,0,0,0,1,0,1,0,0,0,1,0,0,0,1,0,0,0,0,0,0,0,0,0,0,0,0,0,0,0,0,0,0,0,0,0,0,0,0,0,0,0,0,0,0,0,0,0,0,0,0,0,0,0,0,0,0,0,0,0,0,0,0,0,0,0,0,0,0,0,0,0,0,0
9,66,4.142857142857143,23.4595238095238,3,0.3333333333333333,0.07142857142857142,4.142857142857143,4.143312277748014,0.4874884615383899,0.5650499999999972,2.0,0.0,20,10.0,1.0,1,1,4.0,Y,1.0,0,0,0,1,1,0,0,1,0,1,0,0,0,0,0,0,0,0,0,0,0,0,0,1,0,0,0,0,0,0,0,0,0,0,0,0,0,0,0,0,0,0,0,0,0,0,0,0,0,0,0,0,0,0,0,0,0,0,0,0,0,0,0,0,0,0,0,0,0,0,0,0,0,0,0,0,0,0,0,0,0,0,0,0,0,0,0,0,0,0,0
10,67,4.14,20.522,11,0.061224489795918366,0.22,4.14,3.0120764626616663,-0.18103846153852332,0.4905181818181887,2.0,0.0,15,0.0,1.0,1,11,4.3,Y,1.0,0,0,0,1,0,0,0,1,0,0,0,0,0,0,0,1,0,0,0,0,0,1,0,1,0,0,0,1,0,0,0,1,0,0,0,0,0,0,0,0,0,0,0,0,0,0,0,0,0,0,0,0,0,0,0,0,0,0,0,0,0,0,0,0,0,0,0,0,0,0,0,0,0,0,0,0,0,0,0,0,0,0,0,0,0,0,0,0,0,0,0
11,75,4.195121951219512,21.367073170731704,9,0.45121951219512196,0.10975609756097561,4.195121951219512,2.770824954465447,-0.6004230769230746,0.7559090909091579,2.0,0.7,15,0.0,1.0,1,11,4.6,Y,1.0,0,0,1,0,0,0,0,1,1,0,1,0,0,0,0,0,0,0,0,0,0,0,0,1,0,0,0,0,0,0,0,0,0,0,0,0,0,0,0,0,0,0,0,0,0,0,0,0,0,0,0,0,0,1,0,0,0,0,0,0,0,0,0,0,0,0,0,0,0,0,0,0,0,0,0,0,0,0,0,0,0,0,0,0,0,0,0,0,0,0,0
12,76,3.8358208955223883,13.695522388059704,11,0.22727272727272727,0.16417910447761194,3.8358208955223883,2.549424916406716,0.2563346153846161,0.5766695454543093,2.0,0.7,15,0.0,1.0,1,11,4.6,Y,1.0,0,0,0,1,1,0,0,0,0,0,0,0,0,0,0,1,0,0,0,0,0,0,0,0,0,0,0,0,0,0,0,0,0,0,0,0,0,0,0,0,0,0,0,0,0,0,0,0,0,0,0,1,0,0,0,0,0,0,0,0,0,0,0,0,0,0,0,0,0,0,0,0,0,0,0,0,0,0,0,0,0,0,0,0,0,0,0,0,0,0,0
13,78,4.172307692307692,12.947692307692305,4,0.2826086956521739,0.012307692307692308,4.172307692307692,2.676931157087434,-0.5554038461538193,0.19633636363636345,2.0,0.7,17,0.0,0.0,1,11,4.4,Y,1.0,0,0,0,1,0,0,0,1,0,0,0,0,0,0,1,0,0,0,0,0,0,0,0,1,0,0,1,1,0,0,0,0,0,1,0,0,0,0,0,0,0,0,0,0,0,0,0,0,0,0,0,0,0,0,0,0,0,0,0,0,0,0,0,0,0,0,0,0,0,0,0,0,0,0,0,0,0,0,0,0,0,0,0,0,0,0,0,0,0,0,0
14,79,3.8142857142857145,13.078809523809536,88,0.03365384615384615,0.20952380952380953,3.8142857142857145,2.5805034985696427,0.6346538461538463,0.5272545454546894,2.0,0.0,15,0.0,1.0,1,11,4.7,Y,1.0,0,0,0,0,1,0,0,1,0,0,0,0,0,0,0,1,0,0,0,0,0,0,0,0,0,0,1,0,0,0,0,0,0,0,0,0,0,0,0,0,0,0,0,0,0,0,0,0,0,0,0,0,0,0,0,0,0,0,0,0,0,0,0,0,0,0,0,0,0,0,0,0,0,0,0,0,0,0,0,0,0,0,0,0,0,0,0,0,0,0,1
15,81,4.076923076923077,17.541538461538455,2,0.328125,0.03076923076923077,4.076923076923077,2.8217737312666653,-0.7119615384615503,0.0633681818179358,2.0,0.0,15,0.0,1.0,1,11,3.8,Y,1.0,0,1,0,1,0,0,0,1,0,0,0,0,1,0,0,1,0,0,0,0,0,0,0,1,0,0,0,0,0,0,0,0,0,0,0,0,0,0,0,0,0,0,0,0,0,0,0,0,0,0,0,0,1,0,0,0,0,0,0,0,0,0,0,0,0,0,0,0,0,0,0,0,0,0,0,0,0,0,0,0,0,0,0,0,0,0,0,0,0,0,0
16,82,3.9272727272727272,16.29454545454545,20,0.05454545454545454,0.36363636363636365,3.9272727272727272,2.338251329692424,-0.4171923076923129,0.6458500000000037,2.0,0.7,11,0.0,1.0,1,11,4.4,Y,1.0,0,0,0,1,0,0,0,1,0,0,0,1,0,0,1,1,0,0,0,0,0,0,0,1,0,0,0,0,0,0,0,0,0,0,0,0,0,0,0,0,0,0,0,0,0,0,0,0,0,1,0,0,0,0,0,0,0,0,0,0,0,0,0,0,0,0,0,0,0,0,0,0,0,0,0,0,0,0,0,0,0,0,0,0,0,0,0,0,0,0,0
17,83,4.191056910569106,17.192276422764227,2,0.35365853658536583,0.008130081300813009,4.191056910569106,2.1966653953451876,-0.927944230769241,0.14589954545430453,2.0,0.7,15,0.0,1.0,1,11,4.2,Y,1.0,0,1,0,1,0,0,0,1,0,0,0,0,0,0,0,0,0,0,0,0,0,0,0,1,0,0,0,0,0,0,0,0,0,0,0,0,0,0,0,0,0,0,0,0,0,0,0,0,0,0,0,0,0,0,0,0,0,0,0,0,0,0,0,0,0,0,0,0,0,0,0,0,0,0,0,0,0,0,0,0,0,0,0,0,0,0,0,0,0,0,0
18,84,3.937669376693767,15.826829268292682,54,0.021798365122615803,0.14634146341463414,3.937669376693767,2.136064082022132,-1.004923076923082,0.07873636363634817,2.0,0.0,14,0.0,1.0,1,11,4.3,Y,1.0,0,0,0,0,1,0,0,0,0,0,0,0,0,0,0,0,0,0,0,0,0,0,1,0,0,0,0,0,0,1,0,0,0,0,0,0,0,0,0,0,0,0,0,0,0,0,0,1,0,0,0,0,0,0,0,0,0,0,0,0,0,0,0,0,0,0,0,0,0,0,0,0,0,0,0,0,0,0,0,0,0,0,0,0,0,0,0,0,0,0,0
19,85,3.777142857142857,11.848000000000003,7,0.3942857142857143,0.04,3.777142857142857,1.8130520510161883,-0.6001730769230909,0.7558613636363735,3.0,0.0,15,50.0,1.0,1,11,4.6,Y,1.0,0,0,0,0,0,0,0,1,0,0,0,0,1,0,0,0,0,0,0,0,0,0,0,0,0,0,0,0,0,0,0,0,0,0,0,0,0,0,0,0,0,0,0,0,0,0,0,0,0,0,0,0,0,0,0,0,0,0,0,0,0,0,0,0,0,0,0,0,0,0,0,0,0,0,0,0,0,0,0,0,0,0,0,0,0,0,0,0,0,0,0
20,86,3.301980198019802,9.864851485148517,32,0.009900990099009901,0.15841584158415842,3.301980198019802,1.6317020947182344,-0.4981346153846109,0.058017272727297724,3.0,0.0,13,0.0,1.0,1,11,4.5,Y,1.0,0,0,0,0,0,0,0,1,0,0,0,0,0,0,0,0,0,0,0,0,0,0,0,0,1,0,0,0,0,0,0,1,0,0,0,0,0,1,0,0,1,0,1,0,0,0,0,0,0,0,1,0,0,0,0,0,1,0,0,0,0,1,0,0,0,0,0,0,0,0,0,0,0,0,0,0,0,0,0,0,0,0,0,0,0,0,0,0,0,0,0
21,90,3.884297520661157,14.472727272727273,19,0.3050847457627119,0.15702479338842976,3.884297520661157,2.600189576847107,-0.6010961538461602,0.0959977272724904,2.0,0.0,14,0.0,1.0,1,1,4.4,Y,1.0,1,0,0,0,1,0,0,1,0,0,0,0,0,0,0,0,0,0,0,0,0,0,0,0,0,0,1,0,0,0,0,0,0,0,0,0,0,0,0,0,0,0,0,0,0,0,0,0,0,0,0,1,0,0,0,0,0,0,0,0,0,0,0,0,0,0,0,0,0,0,0,0,0,0,0,0,0,0,0,0,0,0,0,0,0,0,0,0,0,0,0
22,92,3.9322033898305087,34.45762711864406,24,0.3389830508474576,0.2033898305084746,3.9322033898305087,2.5087985706002818,-0.4921884615384525,0.7441604545452798,2.0,0.7,14,0.0,1.0,1,11,4.6,Y,1.0,0,0,1,0,0,0,0,0,0,0,0,0,0,0,0,0,0,0,0,0,0,0,0,0,0,0,0,0,0,0,0,0,0,0,0,0,0,1,0,0,0,0,0,0,0,0,0,1,0,0,0,0,0,0,0,0,0,0,0,0,0,0,0,0,0,0,0,0,0,0,0,0,0,0,0,0,0,0,0,0,0,0,0,0,0,0,0,0,0,0,0
23,104,4.105769230769231,16.69423076923077,13,0.46601941747572817,0.125,4.105769230769231,2.892601779467948,-0.03244230769231637,0.6556363636363828,2.0,0.0,10,0.0,1.0,1,11,4.5,Y,1.0,1,0,0,0,1,0,0,0,0,0,0,0,0,0,0,0,0,0,0,0,0,0,0,0,0,0,1,0,1,0,0,0,0,0,0,0,0,0,0,0,0,0,0,0,0,0,0,0,0,0,0,0,0,0,0,0,0,0,0,0,0,0,0,0,0,0,0,0,0,0,0,0,0,0,0,0,0,0,0,0,0,0,0,0,0,0,0,0,0,0,1
24,105,3.2524038461538463,13.619711538461539,54,0.1951219512195122,0.12980769230769232,3.2524038461538463,2.2959028325170268,-0.9677692307692346,0.0808386363635615,2.0,0.0,12,0.0,1.0,1,11,4.5,Y,1.0,1,0,0,0,1,0,0,0,0,0,0,0,0,0,0,0,0,0,0,0,0,0,0,0,0,0,1,0,1,0,0,0,0,0,0,0,0,0,0,0,0,0,0,0,0,0,0,0,0,0,0,0,0,0,0,0,0,0,0,0,0,0,0,0,0,0,0,0,0,0,0,0,0,0,0,0,0,0,0,0,0,0,0,0,0,0,0,0,0,0,1
25,106,3.826388888888889,15.502777777777773,20,0.2887323943661972,0.1388888888888889,3.826388888888889,2.905661753696759,0.6186153846153633,0.5271931818182224,2.0,0.0,10,0.0,1.0,1,11,4.5,Y,1.0,1,0,0,0,1,0,0,0,0,0,0,0,0,0,0,0,0,0,0,0,0,0,0,0,0,0,1,0,1,0,0,0,0,0,0,0,0,0,0,0,0,0,0,0,0,0,0,0,0,0,0,0,0,0,0,0,0,0,0,0,0,0,0,0,0,0,0,0,0,0,0,0,0,0,0,0,0,0,0,0,0,0,0,0,0,0,0,0,0,0,1
26,110,4.197802197802198,33.61868131868132,15,0.42857142857142855,0.16483516483516483,4.197802197802198,2.5606496226968853,0.01679230769225694,0.5479409090910177,2.0,0.7,18,35.0,1.0,1,11,4.6,Y,1.0,0,0,1,0,0,0,0,0,0,0,1,0,0,0,0,0,0,0,0,0,0,1,0,0,0,0,0,1,0,0,0,0,1,0,0,0,0,0,0,0,0,0,0,0,0,0,0,0,0,0,0,0,0,0,0,0,0,1,0,0,0,0,0,0,0,0,0,0,0,0,0,0,0,0,0,0,0,0,0,0,0,0,0,0,0,0,0,0,0,0,0
27,113,4.058098591549296,14.369542253521129,55,0.392226148409894,0.09683098591549295,4.058098591549296,1.8378645206449526,0.6301346153846158,0.5270522727271684,2.0,0.0,10,0.0,1.0,1,11,4.7,Y,1.0,0,1,0,0,0,0,0,1,0,1,0,0,0,0,0,0,0,0,0,0,0,0,0,0,0,0,0,0,0,0,0,0,0,0,0,0,0,0,0,0,0,0,0,0,0,0,0,0,0,0,0,0,0,0,0,0,0,0,0,0,0,0,0,0,0,0,0,0,0,0,0,0,0,0,0,0,0,0,0,0,0,0,0,0,0,0,0,0,0,0,1
28,115,3.875,11.852500000000003,5,0.46153846153846156,0.125,3.875,2.195286734981248,0.5788653846154262,0.5282704545454561,2.0,0.0,13,0.0,1.0,1,11,4.8,Y,1.0,0,0,0,0,0,0,0,1,1,0,0,0,0,0,0,0,0,0,0,0,0,0,0,0,0,0,0,0,0,0,0,0,0,0,0,0,0,0,0,0,0,0,0,0,0,0,0,0,0,0,0,0,0,0,0,1,0,0,0,0,0,0,0,0,0,0,0,0,0,0,0,0,0,0,0,0,0,0,0,0,0,0,0,0,0,0,0,0,0,0,1
29,134,3.9805825242718447,26.187378640776704,12,0.36893203883495146,0.11650485436893204,3.9805825242718447,2.0507452614716817,-0.056273076923028055,0.6322886363636278,2.0,0.0,16,0.0,0.0,0,11,4.5,Y,1.0,0,0,0,0,1,0,0,0,1,0,0,0,0,0,0,1,0,0,0,0,0,0,0,0,0,0,0,0,0,0,0,1,0,0,1,0,0,0,0,0,0,0,0,0,0,0,0,0,0,0,0,0,0,0,0,0,0,0,0,0,0,0,0,0,0,0,0,0,0,0,0,0,0,0,0,0,0,0,0,0,0,0,0,0,0,0,0,0,0,0,0
30,145,3.4155844155844157,9.58311688311688,6,0.22077922077922077,0.07792207792207792,3.4155844155844157,2.3224751307099547,-0.6058922840442468,0.07295305960363639,2.0,0.0,10,0.0,0.0,0,11,3.2,Y,1.0,0,1,0,0,0,0,0,0,0,0,0,0,0,0,1,1,0,0,0,0,0,0,0,0,0,0,0,0,0,0,0,0,0,0,0,0,0,0,0,0,0,0,0,0,0,0,0,0,0,0,0,0,0,0,0,0,0,0,0,0,0,0,0,0,0,0,0,0,0,0,0,0,0,0,0,0,0,0,0,0,0,0,0,0,0,0,0,0,0,0,0
31,148,4.093333333333334,13.677333333333335,11,0.3333333333333333,0.14666666666666667,4.093333333333334,2.610819591989999,-0.4828653846153978,0.07598863636364657,2.0,0.7,16,15.0,1.0,1,11,4.1,Y,1.0,0,0,0,1,1,0,0,0,0,0,0,0,0,0,0,1,0,0,0,0,0,1,1,0,0,0,0,0,0,0,0,0,0,0,0,0,0,0,0,0,0,0,0,0,0,0,0,0,0,0,0,0,0,0,0,0,0,0,0,0,0,0,0,0,0,0,0,0,0,0,0,0,0,0,0,0,0,0,0,0,0,0,0,0,0,0,0,0,1,0,0
32,149,3.0,9.80652173913043,5,0.2391304347826087,0.10869565217391304,3.0,1.2567710738967377,-0.027653846153851604,0.5273459090909257,2.0,0.7,15,0.0,0.0,0,11,4.2,Y,1.0,0,1,0,0,0,0,0,0,0,0,0,0,0,0,0,0,0,0,0,0,0,0,0,0,0,0,0,0,0,0,0,0,0,0,0,0,0,0,0,0,0,0,0,0,0,0,0,0,0,0,0,0,0,0,0,0,0,0,0,0,0,0,0,0,0,0,0,0,0,0,0,0,0,0,0,0,0,0,0,0,0,0,0,0,0,0,0,0,0,0,0
33,154,3.953125,12.909375000000002,8,0.265625,0.125,3.953125,2.3629181551809872,-0.8720192307692582,0.09943409090909214,2.0,0.7,15,0.0,1.0,1,11,4.5,Y,1.0,1,0,0,0,1,0,0,0,0,0,0,0,0,0,0,1,0,0,0,0,0,0,0,1,0,0,0,0,0,0,0,0,0,0,0,0,0,0,0,0,0,0,0,0,0,0,1,0,0,0,0,0,0,0,0,0,0,0,0,0,0,0,0,0,0,0,0,0,0,0,0,0,0,0,0,0,0,0,0,0,0,0,0,0,0,0,0,0,0,0,0
34,157,3.860869565217391,12.920869565217384,16,0.37719298245614036,0.1391304347826087,3.860869565217391,2.0333094353449264,0.05588461538460445,0.5339954545452126,2.0,0.7,15,0.0,1.0,1,11,4.3,Y,1.0,0,0,0,0,0,0,0,1,0,1,0,0,0,0,0,0,0,0,0,0,1,0,0,0,0,0,0,0,0,0,1,0,1,0,0,0,0,0,0,0,0,0,0,0,0,0,0,0,0,0,0,0,0,0,0,0,0,0,0,0,0,0,0,0,0,0,1,0,0,0,0,0,0,0,0,0,0,0,0,0,0,0,0,0,0,0,0,0,0,0,0
35,159,3.747191011235955,23.469101123595507,23,0.3352272727272727,0.12921348314606743,3.747191011235955,3.4799685853806177,-0.5998653846153555,0.7562443181818139,2.0,0.0,13,0.0,1.0,1,11,4.5,Y,1.0,1,0,0,0,1,0,0,0,0,0,0,0,0,0,0,1,0,0,0,0,0,0,0,0,0,0,0,0,0,0,0,0,0,0,0,0,0,0,0,0,0,0,0,0,0,0,0,0,0,0,0,0,0,0,0,0,0,0,0,0,0,0,0,0,0,0,0,0,0,0,0,0,0,0,0,0,0,0,0,0,0,0,0,0,0,0,0,0,0,0,0
36,160,4.655737704918033,10.073770491803279,14,0.18333333333333332,0.22950819672131148,4.655737704918033,1.5901639344262295,-0.9339807692308154,0.08136477272729059,2.0,0.7,14,0.0,1.0,1,11,4.3,Y,1.0,1,0,0,0,1,0,0,0,0,0,0,0,0,0,0,1,0,0,0,0,0,0,0,0,0,0,0,0,0,0,0,0,0,0,0,0,0,0,0,0,0,0,0,0,0,0,0,1,0,0,0,0,0,0,0,0,0,0,0,0,0,0,0,0,0,0,0,0,0,0,0,0,0,0,0,0,0,0,0,0,0,0,0,0,0,0,0,0,0,0,0
37,161,4.195121951219512,11.980487804878043,2,0.23170731707317074,0.024390243902439025,4.195121951219512,2.6150537585091453,-0.8842424245981165,-0.12751908735795908,2.0,0.7,17,0.0,0.0,0,11,4.2,Y,1.0,0,0,0,0,1,0,0,1,0,0,0,0,0,0,1,0,0,0,0,0,0,0,0,0,0,0,0,0,0,0,0,0,0,0,0,0,0,0,0,0,0,0,0,0,0,0,0,0,0,0,0,0,0,0,0,0,0,0,0,0,0,0,1,0,0,0,0,0,0,0,0,0,0,0,0,0,0,0,0,0,0,0,0,0,0,0,0,0,0,0,0
38,176,4.067796610169491,19.961016949152544,6,0.4406779661016949,0.1016949152542373,4.067796610169491,3.128878358187853,-0.4401094895692907,0.6625680487740839,2.0,0.7,21,0.0,1.0,1,11,4.3,Y,1.0,0,0,0,1,0,0,0,1,0,0,0,0,0,0,0,1,0,0,0,0,0,1,0,1,0,0,0,1,0,0,0,1,0,0,0,0,0,0,0,0,0,0,0,0,0,0,0,0,0,0,0,0,0,0,0,0,0,0,0,0,0,0,0,0,0,0,0,0,0,0,0,0,0,0,0,0,0,0,0,0,0,0,0,0,0,0,0,0,0,0,0
39,180,3.9069767441860463,15.288372093023256,2,0.3023255813953488,0.046511627906976744,3.9069767441860463,3.335239361217052,-1.0589461538461884,0.05156795454544582,2.0,0.7,15,0.0,0.0,0,11,3.8,Y,1.0,0,1,0,0,0,0,0,0,0,1,0,0,0,0,0,0,1,0,0,0,0,1,0,1,0,0,1,1,0,0,0,0,0,0,0,0,0,0,0,0,0,0,0,0,0,0,0,0,0,0,0,0,0,0,0,1,0,0,0,0,0,0,0,0,0,0,0,0,0,0,0,0,0,0,0,0,0,0,0,0,0,0,0,0,0,0,0,0,0,0,0
40,188,4.0,34.99682539682539,11,0.06557377049180328,0.1746031746031746,4.0,2.758912212686507,-0.40566041207891257,0.644401369039313,2.0,0.7,14,0.0,1.0,1,11,4.6,Y,1.0,0,0,0,0,0,0,0,0,0,0,0,0,0,0,1,1,0,0,0,0,0,0,0,1,0,0,1,0,0,0,0,0,0,1,0,0,0,0,0,0,0,0,0,0,0,0,0,0,0,0,0,0,0,0,0,0,0,0,0,0,0,0,0,0,0,0,0,0,0,0,0,0,0,0,0,0,0,0,0,0,0,0,0,0,0,0,0,0,0,0,0
41,189,4.191358024691358,11.156172839506173,26,0.0759493670886076,0.16049382716049382,4.191358024691358,2.509900142796811,-0.8568561198788782,0.08773800324158204,2.0,0.7,10,0.0,1.0,1,11,4.3,Y,1.0,0,0,0,0,0,0,0,0,0,0,0,0,0,0,0,1,0,0,0,0,0,0,1,0,0,0,0,0,0,0,0,1,0,0,0,0,0,1,0,0,0,0,0,0,0,0,0,0,0,0,0,1,0,0,0,0,0,0,0,0,0,0,0,0,0,0,0,0,0,0,0,0,0,0,0,0,0,0,0,0,0,0,0,0,0,0,0,0,0,0,0
42,191,3.8968253968253967,10.047619047619051,23,0.04918032786885246,0.18253968253968253,3.8968253968253967,2.7652007343835976,-0.06004773653464041,0.6526298522949375,2.0,0.7,11,0.0,1.0,1,11,4.5,Y,1.0,0,0,0,0,0,0,0,0,0,0,0,0,0,0,0,1,0,0,0,0,0,0,1,0,0,0,0,0,0,0,0,1,0,0,0,0,0,1,0,0,0,0,0,0,0,0,0,0,0,0,0,1,0,0,0,0,0,0,0,0,0,0,0,0,0,0,0,0,0,0,0,0,0,0,0,0,0,0,0,0,0,0,0,0,0,0,0,0,0,0,0
43,192,4.274074074074074,24.39259259259259,16,0.44029850746268656,0.11851851851851852,4.274074074074074,2.5735882088722213,1.7031192316153734,0.7599580436756791,2.0,0.7,11,0.0,1.0,1,11,4.3,Y,1.0,0,0,0,0,0,0,0,0,0,0,0,0,0,0,0,1,0,0,0,0,0,0,1,0,0,0,0,0,0,0,0,1,0,0,0,0,0,1,0,0,0,0,0,0,0,0,0,0,0,0,0,1,0,0,0,0,0,0,0,0,0,0,0,0,0,0,0,0,0,0,0,0,0,0,0,0,0,0,0,0,0,0,0,0,0,0,0,0,0,0,0
44,193,3.8976377952755907,8.878740157480316,1,0.3228346456692913,0.007874015748031496,3.8976377952755907,2.545243130685038,-0.8259038461538837,-0.06642727272728073,2.0,0.7,18,0.0,0.0,0,11,4.3,Y,1.0,0,1,0,0,1,0,0,1,0,0,0,0,0,0,1,1,0,0,0,0,0,1,1,0,0,0,0,0,0,0,0,0,0,0,0,0,0,0,0,0,0,0,0,0,0,0,0,0,0,0,0,0,0,0,0,0,0,0,0,0,0,0,0,0,0,0,0,0,0,0,0,0,0,0,0,0,0,0,0,0,0,0,0,0,0,0,0,0,0,0,0
45,195,4.368794326241135,9.709219858156029,10,0.35714285714285715,0.07092198581560284,4.368794326241135,2.8229661796512993,-0.7044673076923292,0.05695477272726729,2.0,0.7,15,0.0,1.0,1,11,4.2,Y,1.0,0,0,0,0,1,0,0,0,0,0,0,0,0,0,0,1,0,0,0,0,0,1,0,0,0,0,0,0,0,1,0,0,0,0,0,0,0,0,0,0,0,0,0,0,0,0,1,0,0,0,0,1,0,0,0,1,0,0,0,0,0,0,0,0,0,0,0,0,0,0,0,0,0,0,0,0,0,0,0,0,0,0,0,0,0,0,0,0,0,0,0
46,196,3.4,7.824,1,0.4,0.04,3.4,2.352458775969997,-1.7874134615384565,0.006934090908847007,3.0,0.7,17,0.0,0.0,1,11,4.4,Y,1.0,0,0,0,0,0,0,0,0,0,0,0,0,0,0,0,0,0,0,0,0,0,0,0,0,0,0,0,0,0,0,0,0,0,0,0,0,0,0,0,0,0,0,0,0,0,0,0,0,0,0,0,0,0,0,0,0,0,0,0,0,0,0,0,0,0,0,0,0,0,0,0,0,0,0,0,0,0,0,0,0,0,0,0,0,0,0,0,0,0,0,0
47,197,4.351351351351352,21.14864864864865,3,0.35135135135135137,0.08108108108108109,4.351351351351352,2.8975039531396383,-0.6313000000000233,0.18056749999999605,2.0,0.0,17,0.0,1.0,1,1,4.4,Y,1.0,0,0,0,0,0,0,0,0,0,0,0,0,0,0,0,0,0,0,0,0,0,0,0,1,0,0,0,0,0,0,0,0,0,0,0,0,0,0,0,0,0,1,0,0,0,0,0,0,0,0,0,0,0,0,0,0,0,0,0,0,0,0,0,0,0,0,0,0,0,0,0,0,0,0,0,0,0,0,0,0,0,0,0,0,0,0,0,0,0,0,1
48,199,4.518518518518518,11.255555555555555,9,0.2692307692307692,0.16666666666666666,4.518518518518518,2.0297004283904316,2.3377538461538085,0.6995749999999297,3.0,0.0,15,0.0,1.0,1,11,4.5,Y,1.0,0,0,0,0,0,0,0,1,0,0,0,0,0,0,0,0,0,0,0,0,0,0,0,0,1,0,0,0,0,0,0,1,0,0,0,0,0,1,0,0,1,0,1,0,0,0,0,0,0,0,1,1,0,0,0,0,1,0,0,0,0,1,0,0,0,0,0,0,0,0,0,0,0,0,0,0,0,0,0,0,0,0,0,0,0,0,0,0,0,0,0
49,201,3.95,17.904999999999998,7,0.3625,0.0875,3.95,2.1804301024718726,0.015623076923026696,0.5316281818181806,2.0,0.7,12,0.0,1.0,1,11,4.0,Y,1.0,0,0,0,0,0,0,0,1,0,1,0,0,0,0,0,0,0,0,0,0,0,0,0,0,0,0,0,1,0,0,1,0,0,0,0,0,0,0,0,0,0,0,0,0,0,0,0,0,0,0,0,0,0,0,0,0,0,0,0,0,0,0,0,0,0,0,0,0,0,0,0,0,0,0,0,0,0,0,0,0,0,0,0,0,0,0,0,0,0,0,0
50,203,3.769230769230769,11.840384615384615,3,0.46153846153846156,0.057692307692307696,3.769230769230769,1.8349094717756391,0.02620576923072769,0.5525875000000042,2.0,0.7,16,0.0,0.0,0,11,4.0,Y,1.0,1,0,0,0,0,0,0,0,0,0,0,0,0,0,0,1,0,0,0,0,0,0,0,0,0,0,0,0,1,1,0,0,0,0,0,0,0,0,0,0,0,0,0,0,0,0,0,0,0,0,0,0,0,0,0,0,0,0,0,0,0,0,0,0,0,0,0,0,0,0,0,0,0,0,0,0,0,0,0,0,0,0,0,0,0,0,0,0,0,0,0
51,207,3.816666666666667,13.028333333333334,8,0.25,0.13333333333333333,3.816666666666667,1.8267303855513886,-0.9369615384615744,0.08082590909107308,2.0,0.7,15,0.0,1.0,1,11,4.1,Y,1.0,0,1,0,0,0,0,1,0,0,1,0,0,0,0,0,0,0,0,1,0,0,1,0,1,0,0,0,1,0,0,1,0,1,0,0,0,0,0,0,0,0,0,0,0,0,0,0,0,0,0,0,0,0,0,0,0,0,0,0,0,0,0,0,0,0,0,0,0,0,0,0,0,0,0,0,0,0,0,0,0,0,0,0,0,0,0,0,0,0,0,0
52,216,3.7875,13.144999999999996,25,0.0125,0.3125,3.7875,1.6125,-0.5875980769230975,0.7541936363633901,2.0,0.7,15,0.0,1.0,1,11,4.7,Y,1.0,0,0,0,0,0,0,0,0,0,0,0,0,0,0,0,0,0,0,0,0,0,0,0,0,0,0,0,0,0,0,0,0,0,0,0,0,0,0,0,0,0,0,0,0,0,0,0,0,0,0,0,0,0,0,0,0,0,0,0,1,0,0,0,0,0,0,0,0,0,0,0,0,1,0,0,0,0,0,0,0,0,0,0,0,0,0,0,0,0,0,0
53,221,3.8068181818181817,14.748863636363636,1,0.3068181818181818,0.011363636363636364,3.8068181818181817,2.111711193916665,0.025821153848108187,0.5515938636361248,3.0,0.7,10,0.0,0.0,0,11,4.2,Y,1.0,0,0,0,0,0,0,0,0,1,0,0,0,0,0,0,0,0,0,0,0,0,0,0,0,0,0,0,0,0,0,0,0,0,0,0,1,0,1,0,0,0,0,0,0,0,0,0,0,0,0,0,0,0,0,0,0,0,0,0,0,0,0,0,0,0,0,0,0,0,0,0,0,0,0,0,0,0,0,0,0,0,0,0,0,0,0,0,0,0,0,0
54,225,3.990740740740741,10.77037037037037,21,0.09345794392523364,0.19444444444444445,3.990740740740741,2.566737465427469,-0.815323318553912,0.09149129087248023,2.0,0.0,10,0.0,1.0,1,11,4.2,Y,1.0,0,0,0,1,0,0,0,0,0,0,0,0,0,0,0,0,0,0,0,0,0,0,0,0,0,0,0,0,0,1,0,0,0,0,0,0,0,1,0,0,0,0,0,0,1,0,0,0,0,0,0,1,0,0,0,0,0,0,0,0,0,0,0,0,0,0,0,0,0,0,0,0,0,0,0,0,0,0,1,0,0,0,0,0,0,0,0,0,0,0,1
55,231,3.7761194029850746,10.179104477611942,1,0.31343283582089554,0.014925373134328358,3.7761194029850746,2.7586654487263655,205.24232692307845,44.210806818182036,3.0,0.7,15,0.0,1.0,1,11,4.3,Y,1.0,0,0,0,0,0,0,0,0,0,0,0,0,0,0,0,0,0,0,0,0,0,0,0,0,0,0,0,0,0,0,0,0,0,0,0,0,0,0,0,0,0,0,0,0,0,0,0,0,0,0,0,0,0,0,0,0,0,0,0,0,0,0,0,0,0,0,0,0,0,0,0,0,0,0,0,0,0,0,0,0,0,0,0,0,0,0,0,0,0,0,0
56,237,3.3,17.278571428571436,12,0.014285714285714285,0.17142857142857143,3.3,2.608626044758333,-0.9434192307692368,0.08170227272703598,2.0,0.7,15,0.0,0.0,0,11,4.6,Y,1.0,1,0,0,0,1,0,0,1,0,0,0,0,0,0,0,1,0,0,0,0,0,0,0,1,0,0,1,0,0,1,0,0,0,0,0,0,0,0,0,0,0,0,0,0,0,0,0,0,0,0,0,0,0,0,0,0,1,0,0,0,0,0,0,0,0,0,0,0,0,0,0,0,0,0,0,0,0,0,0,0,0,0,0,0,0,0,0,0,0,0,0
57,243,3.6885245901639343,18.67377049180328,4,0.3114754098360656,0.06557377049180328,3.6885245901639343,3.0822805846789607,2.2156923076923287,0.7140181818181905,2.0,0.7,11,0.0,0.0,1,11,4.4,Y,1.0,0,0,0,0,0,0,0,0,0,0,0,0,0,0,0,0,0,0,0,0,0,0,0,0,0,0,0,0,0,0,0,0,0,0,0,0,0,0,0,0,0,0,0,0,0,0,0,0,0,0,0,0,0,0,0,0,0,0,0,0,0,0,0,0,0,0,0,0,0,0,0,0,0,0,0,0,0,0,0,0,0,0,0,0,0,0,0,0,0,0,0
58,250,3.6486486486486487,10.294594594594594,3,0.3611111111111111,0.08108108108108109,3.6486486486486487,1.7679808792522498,-0.5115842210827595,0.7583079432920903,2.0,0.7,15,0.0,1.0,1,11,4.5,Y,1.0,1,0,0,1,0,0,0,0,0,0,0,0,0,0,0,1,0,0,0,0,0,0,0,1,0,0,0,0,0,0,0,0,0,0,0,0,0,0,0,0,0,0,0,0,1,0,0,0,0,0,0,0,0,0,0,0,0,0,0,0,0,0,0,0,0,0,0,0,0,0,0,0,0,0,0,0,0,0,0,0,0,0,0,0,0,0,0,0,0,0,0
59,259,3.971014492753623,23.147826086956528,10,0.43478260869565216,0.14492753623188406,3.971014492753623,2.5654944299335734,0.025821153848108187,0.5515938636360602,2.0,0.0,15,0.0,1.0,1,11,4.3,Y,1.0,1,0,0,0,1,0,0,0,0,0,0,0,0,0,0,1,0,0,0,0,0,0,0,0,0,0,1,1,0,0,0,0,0,0,1,1,0,0,0,0,0,0,0,0,0,0,0,1,0,0,0,0,0,0,0,0,0,0,0,0,0,0,0,0,0,0,0,0,0,0,0,0,0,0,0,0,0,0,0,0,0,0,0,0,0,0,0,0,0,0,0
60,265,4.680851063829787,26.993617021276606,0,0.15217391304347827,0.0,4.680851063829787,2.1405068751719853,-0.8610730769230842,-0.06514659090932864,3.0,0.0,15,0.0,1.0,1,11,4.3,Y,1.0,0,0,0,0,0,0,0,1,1,0,0,0,0,0,0,0,0,0,0,0,0,0,0,0,0,0,0,0,0,0,0,1,0,0,0,0,0,1,0,0,0,0,1,0,0,0,0,0,0,0,0,1,0,0,0,0,0,0,0,0,0,0,0,0,0,0,0,0,0,0,0,0,0,0,0,0,0,0,0,0,0,0,0,0,0,0,0,0,0,0,1
61,271,3.6578947368421053,27.105263157894736,7,0.07894736842105263,0.18421052631578946,3.6578947368421053,1.9895742929758766,-0.3343403846134433,0.7263329545451348,2.0,0.7,11,0.0,1.0,1,11,4.5,Y,1.0,1,0,0,0,1,0,0,0,0,0,0,0,0,0,0,1,0,0,0,0,0,0,0,0,0,0,1,1,0,0,0,0,0,0,1,1,0,0,0,0,0,0,0,0,0,0,0,1,0,0,0,0,0,0,0,0,0,0,0,0,0,0,0,0,0,0,0,0,0,0,0,0,0,0,0,0,0,0,0,0,0,0,0,0,0,0,0,0,0,0,0
62,274,4.543478260869565,28.606521739130432,3,0.21739130434782608,0.06521739130434782,4.543478260869565,3.0090280985289835,0.3053212199224581,0.559974383845152,3.0,0.7,45,0.0,0.0,0,11,3.7,Y,1.0,0,0,0,0,0,0,0,0,0,0,0,0,0,0,0,0,0,0,0,0,0,0,0,0,0,0,0,0,0,0,0,0,0,0,0,0,0,0,0,0,1,0,0,0,0,0,0,0,0,0,0,0,0,0,0,0,1,0,0,0,0,0,0,0,0,0,0,0,0,0,0,0,0,0,0,0,0,0,0,0,0,0,0,0,0,0,0,0,0,0,0
63,288,4.283018867924528,29.386792452830193,11,0.3018867924528302,0.20754716981132076,4.283018867924528,2.8604494930770437,-0.5583846153845782,0.7407568181818039,2.0,0.0,15,0.0,1.0,1,11,4.6,Y,1.0,0,0,1,0,0,0,0,1,0,0,0,0,0,0,0,0,0,0,1,0,0,0,0,1,0,0,0,1,0,0,0,0,1,0,0,0,0,0,0,0,0,0,0,0,0,0,0,0,0,0,0,0,0,0,0,0,0,0,0,0,0,0,0,0,0,0,0,0,0,0,0,0,0,0,0,0,0,0,0,0,0,0,0,0,0,0,0,0,0,0,0
64,289,3.450980392156863,14.937254901960786,8,0.2653061224489796,0.1568627450980392,3.450980392156863,2.1805420836503258,-1.0073846153846229,0.07922045454534728,2.0,0.7,15,0.0,1.0,1,11,4.5,Y,1.0,1,0,0,0,1,0,0,0,0,0,0,0,0,0,0,0,0,0,0,0,0,0,0,0,0,0,0,0,0,1,0,0,0,0,0,0,0,0,0,0,0,0,0,0,0,0,0,0,0,0,0,1,0,0,0,0,0,0,0,0,0,0,0,0,0,0,0,0,0,0,0,0,0,0,0,0,0,0,0,0,0,0,0,0,0,0,0,0,0,0,0
65,294,4.838709677419355,16.467741935483872,1,0.16129032258064516,0.03225806451612903,4.838709677419355,2.348757077395159,-1.271978846153839,0.02883181818158109,2.0,0.0,15,0.0,0.0,0,11,4.4,Y,1.0,0,0,0,0,1,0,0,1,0,0,0,0,0,0,0,0,0,0,0,0,0,1,0,0,0,0,0,0,0,0,0,0,0,0,0,0,0,0,0,0,0,1,0,0,0,0,0,0,0,0,0,0,0,0,0,0,0,0,0,0,0,0,0,0,0,0,0,0,0,0,0,0,0,0,0,0,0,0,0,0,0,0,0,0,0,0,0,0,0,0,1
66,295,4.0625,12.040624999999999,8,0.0,0.25,4.0625,1.78125,-0.491307692307707,0.7447204545456068,2.0,0.7,15,0.0,1.0,1,11,4.7,Y,1.0,0,0,0,0,0,0,0,0,0,0,0,0,0,0,0,1,0,0,0,0,0,0,0,0,0,0,0,0,0,0,0,0,0,0,0,1,0,1,0,0,0,0,0,0,0,0,0,0,0,0,0,0,0,0,0,0,0,0,0,1,1,0,0,0,0,0,0,0,0,0,0,0,0,0,0,0,0,0,0,0,0,0,0,0,0,0,0,0,0,0,0
67,298,4.163636363636364,17.55454545454545,11,0.01818181818181818,0.2,4.163636363636364,1.865524056965151,-0.4151923076923066,0.6435499999999971,2.0,0.0,17,0.0,1.0,1,11,4.7,Y,1.0,0,0,0,0,0,0,0,0,0,0,0,0,0,0,0,1,0,0,0,0,0,0,0,1,0,0,0,0,0,0,0,0,0,0,0,0,0,1,0,0,0,0,0,0,0,0,0,0,0,0,0,0,0,0,0,0,0,0,0,0,0,0,0,0,0,0,0,0,0,0,0,0,0,0,0,0,0,0,0,0,0,0,0,0,0,0,0,0,0,1,1
68,299,2.9864864864864864,11.343243243243245,19,0.0410958904109589,0.25675675675675674,2.9864864864864864,1.9217249495427922,-0.8188096153846912,0.1351238636363022,2.0,0.7,15,0.0,1.0,1,11,4.2,Y,1.0,0,0,0,0,0,0,0,0,0,0,0,0,0,0,0,1,0,0,0,0,0,0,0,0,0,0,1,0,0,1,0,0,0,0,0,0,0,0,0,0,0,0,0,0,0,0,0,0,0,0,0,1,0,0,0,0,0,0,0,0,0,0,0,0,0,0,0,0,0,0,0,0,0,0,0,0,0,0,0,0,0,0,1,0,0,0,0,0,0,0,0
69,300,4.354166666666667,15.158333333333331,2,0.44680851063829785,0.041666666666666664,4.354166666666667,2.3333333333333335,-0.8070576923077599,0.09136818181787712,2.0,0.7,15,0.0,1.0,1,11,4.4,Y,1.0,0,0,0,0,0,0,0,0,0,0,0,0,0,0,0,1,0,0,0,0,0,0,0,0,0,0,0,0,0,0,0,0,0,0,0,1,0,1,0,0,0,0,0,0,0,0,0,0,0,0,0,0,0,0,0,0,0,0,0,1,1,0,0,0,0,0,0,0,0,0,0,0,0,0,0,0,0,0,0,0,0,0,0,0,0,0,0,0,0,0,0
70,303,4.083333333333333,17.686666666666664,7,0.43333333333333335,0.11666666666666667,4.083333333333333,2.0940342410652737,0.005748076923021281,0.482280909090949,2.0,0.7,15,0.0,1.0,1,11,4.7,Y,1.0,0,0,0,0,0,0,0,0,0,0,0,0,0,0,0,1,0,0,0,0,0,0,0,0,0,0,0,0,0,0,0,0,0,0,0,1,0,1,0,0,0,0,0,0,0,0,0,0,0,0,0,0,0,0,0,0,0,0,0,1,1,0,0,0,0,0,0,0,0,0,0,0,0,0,0,0,0,0,0,0,0,0,0,0,0,0,0,0,0,0,0
71,304,1.6521739130434783,15.645652173913039,7,0.15555555555555556,0.15217391304347827,1.6521739130434783,2.496317066623184,-1.2674634615365183,0.028361363636361558,2.0,0.7,15,0.0,1.0,1,11,4.0,Y,1.0,1,0,0,1,1,0,0,0,0,0,0,0,0,0,0,1,0,0,0,0,0,0,0,0,0,0,0,0,0,1,0,0,0,0,0,0,0,0,0,0,0,0,0,0,0,0,0,0,0,0,0,0,0,0,0,0,0,0,0,0,0,0,0,0,0,0,0,0,0,0,0,0,0,0,0,0,0,0,0,0,0,0,0,0,0,0,0,0,0,0,0
72,310,3.5294117647058822,16.900000000000002,15,0.04411764705882353,0.22058823529411764,3.5294117647058822,2.085462785283087,-0.01682884615388078,0.5145802272725669,2.0,0.7,13,0.0,1.0,1,11,4.8,Y,1.0,0,0,0,0,0,0,0,1,0,0,0,0,0,0,0,0,0,0,0,0,0,0,0,1,0,1,0,0,0,0,0,0,0,0,0,0,0,0,0,0,0,0,0,0,0,0,0,0,0,0,0,0,0,0,0,0,0,0,0,0,0,0,0,0,0,0,0,0,0,0,0,0,0,0,0,0,0,0,0,0,0,0,0,0,0,0,0,0,0,0,0
73,356,4.578125,16.578906249999992,29,0.03968253968253968,0.2265625,4.578125,1.5719347364544267,-0.8450961538461755,0.06701318181828664,2.0,0.0,15,0.0,1.0,1,11,4.2,Y,1.0,1,0,0,0,0,0,0,0,0,0,0,0,0,0,1,0,0,0,0,0,0,0,0,1,0,0,1,0,0,0,0,0,0,0,0,0,0,0,0,0,0,0,0,0,0,0,0,1,0,0,0,0,0,0,0,0,0,0,0,0,0,0,0,0,0,0,0,0,0,0,0,0,0,0,0,0,0,0,0,0,0,0,0,0,0,0,0,0,0,0,0
74,386,3.856115107913669,12.282374100719414,65,0.017985611510791366,0.23381294964028776,3.856115107913669,1.8187187882485012,-1.002136538459656,0.07860931818185217,3.0,0.0,15,0.0,1.0,1,1,4.5,Y,1.0,0,0,0,0,0,0,0,0,0,0,0,0,0,0,0,0,0,0,0,0,0,0,0,0,0,0,0,0,0,0,0,0,0,0,0,0,0,0,0,0,0,0,0,0,0,0,0,0,0,0,0,0,0,0,0,0,0,0,0,0,0,0,0,0,0,0,0,0,0,0,0,0,0,0,0,0,0,0,0,1,0,0,0,0,0,0,0,0,0,0,0
75,391,2.782051282051282,13.902564102564106,11,0.15584415584415584,0.14102564102564102,2.782051282051282,1.8297245785331115,-0.6247019230769071,0.7251199999997648,2.0,0.7,10,0.0,1.0,1,11,4.2,Y,1.0,1,0,0,1,1,0,0,1,0,0,0,0,0,0,0,1,0,0,0,0,0,0,0,1,0,0,0,1,0,0,0,0,0,1,1,0,0,0,0,0,0,0,0,0,0,0,0,0,0,0,0,0,0,0,0,0,0,0,0,0,0,0,0,0,0,0,0,0,0,0,0,0,0,0,0,0,0,0,0,0,0,0,0,0,0,0,0,0,0,0,0
76,398,3.744186046511628,15.958139534883717,11,0.11627906976744186,0.2558139534883721,3.744186046511628,1.930232558139535,-0.6251269230769545,0.09943909090908598,2.0,0.7,15,0.0,1.0,1,11,4.2,Y,1.0,0,1,0,0,0,0,0,0,0,0,0,1,1,0,0,0,0,0,0,0,0,0,0,0,0,0,1,1,0,0,0,0,1,0,0,0,0,0,0,0,0,0,0,0,0,0,0,0,0,0,0,0,0,0,0,0,0,0,0,0,0,0,0,0,0,0,0,0,0,0,0,0,0,0,0,0,1,0,0,0,0,0,0,0,0,0,0,0,0,0,0
77,401,4.101694915254237,12.103389830508476,17,0.01694915254237288,0.288135593220339,4.101694915254237,1.7796610169491525,0.0019038461538219184,0.5471545454545724,3.0,0.7,13,0.0,1.0,1,11,4.5,Y,1.0,0,0,0,0,0,0,0,0,0,0,0,0,0,0,0,0,0,0,0,0,0,0,0,0,0,0,0,0,0,0,0,0,0,0,0,1,0,0,0,0,0,0,0,0,0,0,0,0,0,0,0,0,0,0,0,0,0,0,0,0,0,0,0,1,0,0,0,0,0,0,0,0,0,0,0,0,0,0,0,0,0,0,0,0,0,0,0,0,0,0,0
78,419,3.4923076923076923,8.701538461538455,6,0.0,0.09230769230769231,3.4923076923076923,1.766330298449999,-0.4764000000000215,0.03973999999975921,2.0,0.7,15,0.0,1.0,1,11,4.2,Y,1.0,0,1,0,0,0,0,0,0,0,0,0,0,0,0,0,1,0,0,0,0,0,0,0,0,0,0,0,0,0,0,0,0,0,0,0,0,0,0,0,0,0,0,0,0,0,0,0,0,0,0,0,0,0,0,0,0,0,0,0,0,0,0,0,0,0,0,0,0,0,0,1,0,0,0,0,0,0,0,0,0,0,0,0,0,0,0,0,0,0,0,0
79,459,3.058139534883721,10.924418604651162,12,0.03488372093023256,0.13953488372093023,3.058139534883721,2.558139534883721,-0.9960634615385074,-0.06228295454552615,2.0,0.0,15,0.0,1.0,1,11,4.2,Y,1.0,0,0,0,0,1,0,0,0,0,0,0,0,0,0,0,0,0,0,0,0,0,0,0,0,0,0,0,0,0,0,0,1,0,0,0,0,0,0,0,0,0,0,0,0,0,0,0,0,0,0,0,1,0,0,0,0,0,0,0,0,0,0,0,0,0,0,0,0,0,0,0,0,0,0,0,0,0,0,0,0,0,0,0,0,0,0,0,0,0,0,1
80,537,4.865168539325842,13.060674157303374,27,0.033707865168539325,0.30337078651685395,4.865168539325842,2.4269662921348316,-0.5237192307691679,0.05265454545459032,2.0,0.0,20,0.0,1.0,1,11,4.4,Y,1.0,1,0,0,0,1,0,0,1,0,0,0,0,0,0,0,0,0,0,0,0,0,0,0,0,0,0,0,0,1,1,0,0,0,0,0,0,0,0,0,0,0,0,0,0,0,0,0,1,0,0,0,0,0,0,0,0,0,0,0,0,0,0,0,0,0,0,0,0,0,0,0,0,0,0,0,0,0,0,0,0,0,0,0,0,0,0,0,0,0,0,1
81,547,4.78,14.582999999999997,30,0.02,0.3,4.78,2.66,0.049019230769199576,0.6053684090909168,2.0,0.7,10,0.0,1.0,1,11,4.4,Y,1.0,0,0,0,0,0,0,0,0,0,0,0,1,0,0,0,1,0,0,0,0,0,0,1,0,0,0,0,0,0,0,0,0,0,0,0,0,0,1,0,0,0,0,0,0,0,0,0,0,0,0,0,0,0,0,0,0,0,0,0,0,0,0,0,0,0,0,0,0,0,0,0,0,0,0,0,0,0,0,0,0,0,0,0,0,0,0,0,0,0,0,0
82,573,4.269230769230769,12.760576923076918,31,0.0673076923076923,0.2980769230769231,4.269230769230769,2.5288461538461537,2.0156153846153813,0.7492204545456139,2.0,0.0,10,0.0,1.0,1,11,4.6,Y,1.0,0,0,0,0,1,0,0,1,0,0,0,0,0,0,0,1,0,0,0,0,0,0,0,0,0,0,1,0,0,0,0,0,0,0,0,0,0,0,0,0,0,0,0,0,0,0,0,0,0,0,0,0,0,0,0,0,0,0,0,0,0,0,0,0,0,0,0,0,0,0,0,0,0,0,0,0,0,0,0,0,0,0,0,0,0,0,0,0,0,0,1
83,575,2.425,7.800000000000006,11,0.0,0.275,2.425,1.625,-0.6106923076923403,0.0720909090909417,3.0,0.0,15,0.0,1.0,1,11,4.1,Y,1.0,0,0,0,0,0,0,0,0,0,0,0,0,0,0,0,0,0,0,0,0,0,0,0,0,1,0,0,0,0,0,0,0,0,0,0,0,0,0,0,0,0,0,0,0,0,0,0,0,0,0,0,0,0,0,0,0,0,0,0,1,0,1,0,0,0,0,0,0,0,0,0,0,0,0,0,0,0,0,0,0,0,0,0,0,0,1,0,0,0,0,0
84,577,3.5,26.76041666666667,8,0.0,0.16666666666666666,3.5,2.375,-0.7549000000000428,0.2197102272727858,2.0,0.7,5,0.0,1.0,1,11,4.5,Y,1.0,0,0,0,0,1,0,0,1,0,0,0,0,0,0,0,0,0,0,0,0,0,0,0,1,0,0,0,0,0,0,0,0,0,0,0,0,0,0,0,0,0,0,0,0,0,0,0,0,1,0,0,0,0,0,0,0,0,0,0,0,0,0,0,0,0,0,0,0,0,0,0,0,0,0,0,0,0,0,0,0,0,0,0,0,0,0,0,0,0,0,0
85,578,4.42,16.250000000000004,25,0.01,0.25,4.42,2.71,0.5535730769231084,0.5313611363638088,2.0,0.7,10,0.0,0.0,0,11,4.3,Y,1.0,0,0,0,0,0,0,0,0,0,0,0,0,0,0,0,1,0,0,0,0,0,0,1,0,0,0,0,0,0,0,0,0,0,0,0,0,0,1,0,0,0,0,0,0,0,0,0,0,0,0,0,0,0,0,0,0,0,0,0,0,0,0,0,0,0,0,0,0,0,0,0,0,0,0,0,0,0,0,0,0,0,0,0,0,0,0,0,0,0,0,0
86,582,4.410256410256411,15.92564102564103,9,0.02564102564102564,0.23076923076923078,4.410256410256411,2.769230769230769,-0.18582499999997426,0.4824509090909494,2.0,0.7,10,0.0,1.0,1,11,4.2,Y,1.0,0,0,0,0,0,0,0,0,0,0,0,0,0,0,0,1,0,0,0,0,0,0,1,0,0,0,0,0,0,0,0,0,0,0,0,0,0,1,0,0,0,0,0,0,0,0,0,0,0,0,0,0,0,0,0,0,0,0,0,0,0,0,0,0,0,0,0,0,0,0,0,0,0,0,0,0,0,0,0,0,0,0,0,0,0,0,0,0,0,0,0
87,583,4.660377358490566,13.786792452830188,26,0.018867924528301886,0.24528301886792453,4.660377358490566,2.6037735849056602,-0.5912730769230697,0.09559863636369333,2.0,0.7,10,0.0,1.0,1,11,4.3,Y,1.0,0,0,0,0,0,0,0,0,0,0,0,0,0,0,0,1,0,0,0,0,0,0,1,0,0,0,0,0,0,0,0,0,0,0,0,0,0,1,0,0,0,0,0,0,0,0,0,0,0,0,0,0,0,0,0,0,0,0,0,0,0,0,0,0,0,0,0,0,0,0,0,0,0,0,0,0,0,0,0,0,0,0,0,0,0,0,0,0,0,0,0
88,676,4.673076923076923,18.31153846153846,14,0.019230769230769232,0.2692307692307692,4.673076923076923,2.9615384615384617,-0.11617307692307285,0.5707072727273654,2.0,0.7,10,0.0,1.0,1,11,4.4,Y,1.0,0,0,0,0,0,0,0,1,0,1,0,0,0,0,0,0,0,0,0,0,0,0,0,0,0,0,0,0,0,0,1,0,1,0,0,0,0,0,0,0,0,0,0,1,0,0,0,0,0,0,0,0,0,0,0,0,0,0,0,0,0,0,0,0,0,0,0,0,0,0,0,0,0,0,0,0,0,0,0,0,0,0,0,0,0,0,0,0,0,0,0
89,679,4.9,17.76363636363637,32,0.03636363636363636,0.2909090909090909,4.9,2.8727272727272726,0.6140942307692555,0.5274327272726442,2.0,0.7,10,0.0,1.0,1,1,4.5,Y,1.0,0,0,0,0,0,0,0,1,0,1,0,0,0,0,0,0,0,0,0,0,0,0,0,0,0,0,0,0,0,0,1,0,1,0,0,0,0,0,0,0,0,0,0,1,0,0,0,0,0,0,0,0,0,0,0,0,0,0,0,0,0,0,0,0,0,0,0,0,0,0,0,0,0,0,0,0,0,0,0,0,0,0,0,0,0,0,0,0,0,0,0
90,681,4.893939393939394,17.851515151515148,19,0.030303030303030304,0.2878787878787879,4.893939393939394,2.727272727272727,-0.5953249999999973,0.09563886363630934,2.0,0.7,10,0.0,1.0,1,11,4.4,Y,1.0,0,0,0,0,0,0,0,1,0,1,0,0,0,0,0,0,0,0,0,0,0,0,0,0,0,0,0,0,0,0,1,0,1,0,0,0,0,0,0,0,0,0,0,1,0,0,0,0,0,0,0,0,0,0,0,0,0,0,0,0,0,0,0,0,0,0,0,0,0,0,0,0,0,0,0,0,0,0,0,0,0,0,0,0,0,0,0,0,0,0,0
91,841,4.826923076923077,12.099999999999998,12,0.019230769230769232,0.23076923076923078,4.826923076923077,2.0961538461538463,-0.4961384615384957,0.7402140909090968,2.0,0.0,10,0.0,1.0,1,1,4.0,Y,1.0,1,0,0,1,1,1,0,1,0,0,0,0,0,0,0,0,0,0,0,0,0,0,0,1,0,0,0,0,0,1,0,0,0,0,0,0,0,0,0,0,0,0,1,0,0,0,0,1,0,0,0,0,0,0,0,0,0,0,0,0,0,0,0,0,0,0,0,0,0,0,0,0,0,0,0,0,0,0,0,0,0,0,0,0,0,0,0,0,0,0,1
92,843,4.84,13.274000000000003,12,0.02,0.24,4.84,2.18,-1.269317307692352,0.08234318181818404,2.0,0.0,10,0.0,1.0,1,1,4.3,Y,1.0,1,0,0,1,1,1,0,1,0,0,0,0,0,0,0,0,0,0,0,0,0,0,0,1,0,0,0,0,0,1,0,0,0,0,0,0,0,0,0,0,0,0,1,0,0,0,0,1,0,0,0,0,0,0,0,0,0,0,0,0,0,0,0,0,0,0,0,0,0,0,0,0,0,0,0,0,0,0,0,0,0,0,0,0,0,0,0,0,0,0,1
93,845,4.912280701754386,11.0859649122807,8,0.0,0.14035087719298245,4.912280701754386,2.1403508771929824,-0.11690384615384175,0.18158318181832325,2.0,0.0,10,0.0,1.0,1,1,4.0,Y,1.0,1,0,0,1,1,1,0,1,0,0,0,0,0,0,0,0,0,0,0,0,0,0,0,1,0,0,0,0,0,1,0,0,0,0,0,0,0,0,0,0,0,0,1,0,0,0,0,1,0,0,0,0,0,0,0,0,0,0,0,0,0,0,0,0,0,0,0,0,0,0,0,0,0,0,0,0,0,0,0,0,0,0,0,0,0,0,0,0,0,0,1
94,846,4.72316384180791,11.53050847457627,44,0.022598870056497175,0.24858757062146894,4.72316384180791,1.8983050847457628,-0.4418230769231501,0.09947931818179888,2.0,0.0,10,0.0,1.0,1,11,4.1,Y,1.0,1,0,0,1,1,1,0,1,0,0,0,0,0,0,0,0,0,0,0,0,0,0,0,1,0,0,0,0,0,1,0,0,0,0,0,0,0,0,0,0,0,0,1,0,0,0,0,1,0,0,0,0,0,0,0,0,0,0,0,0,0,0,0,0,0,0,0,0,0,0,0,0,0,0,0,0,0,0,0,0,0,0,0,0,0,0,0,0,0,0,1
95,849,4.870588235294117,11.634117647058824,22,0.03529411764705882,0.25882352941176473,4.870588235294117,1.964705882352941,-1.5880596153847006,-0.06644113636359643,2.0,0.0,10,0.0,1.0,1,1,4.1,Y,1.0,1,0,0,1,1,1,0,1,0,0,0,0,0,0,0,0,0,0,0,0,0,0,0,1,0,0,0,0,0,1,0,0,0,0,0,0,0,0,0,0,0,0,1,0,0,0,0,1,0,0,0,0,0,0,0,0,0,0,0,0,0,0,0,0,0,0,0,0,0,0,0,0,0,0,0,0,0,0,0,0,0,0,0,0,0,0,0,0,0,0,1
96,855,4.862068965517241,11.79655172413793,11,0.0,0.1896551724137931,4.862068965517241,2.086206896551724,2.14520576923076,0.745025454545473,2.0,0.0,10,0.0,1.0,1,1,4.2,Y,1.0,1,0,0,0,1,0,0,1,0,0,0,0,0,0,0,0,0,0,0,0,0,0,0,1,0,0,0,0,0,1,0,0,0,0,0,0,0,0,0,0,0,0,0,0,0,0,0,1,0,0,0,0,0,0,0,0,0,0,0,0,0,0,0,0,0,0,0,0,0,0,0,0,0,0,0,0,0,0,0,0,0,0,0,0,0,0,0,0,0,0,1
97,856,4.762711864406779,12.67627118644068,16,0.0,0.2711864406779661,4.762711864406779,2.389830508474576,0.2514692307692175,0.4836324999999768,2.0,0.0,10,0.0,1.0,1,11,4.3,Y,1.0,1,0,0,1,1,1,0,1,0,0,0,0,0,0,0,0,0,0,0,0,0,0,0,1,0,0,0,0,0,1,0,0,0,0,0,0,0,0,0,0,0,0,1,0,0,0,0,1,0,0,0,0,0,0,0,0,0,0,0,0,0,0,0,0,0,0,0,0,0,0,0,0,0,0,0,0,0,0,0,0,0,0,0,0,0,0,0,0,0,0,1
98,858,4.827586206896552,10.189655172413792,14,0.034482758620689655,0.2413793103448276,4.827586206896552,1.793103448275862,0.019817307692285232,0.5870874999998449,2.0,0.0,10,0.0,1.0,1,11,4.2,Y,1.0,1,0,0,1,1,1,0,1,0,0,0,0,0,0,0,0,0,0,0,0,0,0,0,1,0,0,0,0,0,1,0,0,0,0,0,0,0,0,0,0,0,0,1,0,0,0,0,1,0,0,0,0,0,0,0,0,0,0,0,0,0,0,0,0,0,0,0,0,0,0,0,0,0,0,0,0,0,0,0,0,0,0,0,0,0,0,0,0,0,0,1
99,907,4.955555555555556,4.566666666666666,10,0.0,0.2222222222222222,4.955555555555556,2.1555555555555554,13.335130769230892,-1.4495563636363662,2.0,0.7,20,0.0,1.0,1,11,4.3,Y,1.0,0,0,0,0,0,0,0,0,0,0,0,0,0,0,0,1,0,0,0,0,0,0,0,0,0,0,0,0,0,0,0,0,0,0,0,0,0,0,0,0,0,0,0,0,0,1,0,0,0,0,0,1,0,0,0,0,0,0,0,0,0,0,0,0,0,0,0,0,0,0,0,0,0,0,0,0,0,0,0,0,0,0,0,0,0,0,0,0,0,0,0
